[
  {
    "Constant" : [

    ],
    "submodules" : [

    ],
    "Function" : [

    ],
    "Variable" : [
      {
        "def" : "ToggleSkypeMute.logger",
        "stripped_doc" : [
          "Logger object used within the Spoon. Can be accessed to set the default log level for the messages coming from the Spoon."
        ],
        "parameters" : [

        ],
        "doc" : "Logger object used within the Spoon. Can be accessed to set the default log level for the messages coming from the Spoon.",
        "notes" : [

        ],
        "signature" : "ToggleSkypeMute.logger",
        "type" : "Variable",
        "returns" : [

        ],
        "desc" : "Logger object used within the Spoon. Can be accessed to set the default log level for the messages coming from the Spoon.",
        "name" : "logger"
      }
    ],
    "stripped_doc" : [

    ],
    "desc" : "Provide keybindings for muting\/unmuting Skype or Skype for Business",
    "type" : "Module",
    "Deprecated" : [

    ],
    "Constructor" : [

    ],
    "doc" : "Provide keybindings for muting\/unmuting Skype or Skype for Business\n\nDownload: [https:\/\/github.com\/Hammerspoon\/Spoons\/raw\/master\/Spoons\/ToggleSkypeMute.spoon.zip](https:\/\/github.com\/Hammerspoon\/Spoons\/raw\/master\/Spoons\/ToggleSkypeMute.spoon.zip)",
    "Method" : [
      {
        "def" : "ToggleSkypeMute:toggle(app)",
        "stripped_doc" : [
          "Toggle Skype between muted\/unmuted, whether it is focused or not",
          ""
        ],
        "parameters" : [
          " * app - name of the application to mute\/unmute. Supported values are \"Skype\" and \"Skype for Business\". Defaults to \"Skype\".",
          ""
        ],
        "doc" : "Toggle Skype between muted\/unmuted, whether it is focused or not\n\nParameters:\n * app - name of the application to mute\/unmute. Supported values are \"Skype\" and \"Skype for Business\". Defaults to \"Skype\".\n\nReturns:\n * None",
        "notes" : [

        ],
        "signature" : "ToggleSkypeMute:toggle(app)",
        "type" : "Method",
        "returns" : [
          " * None"
        ],
        "desc" : "Toggle Skype between muted\/unmuted, whether it is focused or not",
        "name" : "toggle"
      },
      {
        "def" : "ToggleSkypeMute:bindHotkeys(mapping)",
        "stripped_doc" : [
          "Binds hotkeys for ToggleSkypeMute",
          ""
        ],
        "parameters" : [
          " * mapping - A table containing hotkey objifier\/key details for the following items:",
          "  * hello - Say Hello"
        ],
        "doc" : "Binds hotkeys for ToggleSkypeMute\n\nParameters:\n * mapping - A table containing hotkey objifier\/key details for the following items:\n  * hello - Say Hello",
        "notes" : [

        ],
        "signature" : "ToggleSkypeMute:bindHotkeys(mapping)",
        "type" : "Method",
        "returns" : [

        ],
        "desc" : "Binds hotkeys for ToggleSkypeMute",
        "name" : "bindHotkeys"
      }
    ],
    "Field" : [

    ],
    "items" : [
      {
        "def" : "ToggleSkypeMute.logger",
        "stripped_doc" : [
          "Logger object used within the Spoon. Can be accessed to set the default log level for the messages coming from the Spoon."
        ],
        "parameters" : [

        ],
        "doc" : "Logger object used within the Spoon. Can be accessed to set the default log level for the messages coming from the Spoon.",
        "notes" : [

        ],
        "signature" : "ToggleSkypeMute.logger",
        "type" : "Variable",
        "returns" : [

        ],
        "desc" : "Logger object used within the Spoon. Can be accessed to set the default log level for the messages coming from the Spoon.",
        "name" : "logger"
      },
      {
        "def" : "ToggleSkypeMute:bindHotkeys(mapping)",
        "stripped_doc" : [
          "Binds hotkeys for ToggleSkypeMute",
          ""
        ],
        "parameters" : [
          " * mapping - A table containing hotkey objifier\/key details for the following items:",
          "  * hello - Say Hello"
        ],
        "doc" : "Binds hotkeys for ToggleSkypeMute\n\nParameters:\n * mapping - A table containing hotkey objifier\/key details for the following items:\n  * hello - Say Hello",
        "notes" : [

        ],
        "signature" : "ToggleSkypeMute:bindHotkeys(mapping)",
        "type" : "Method",
        "returns" : [

        ],
        "desc" : "Binds hotkeys for ToggleSkypeMute",
        "name" : "bindHotkeys"
      },
      {
        "def" : "ToggleSkypeMute:toggle(app)",
        "stripped_doc" : [
          "Toggle Skype between muted\/unmuted, whether it is focused or not",
          ""
        ],
        "parameters" : [
          " * app - name of the application to mute\/unmute. Supported values are \"Skype\" and \"Skype for Business\". Defaults to \"Skype\".",
          ""
        ],
        "doc" : "Toggle Skype between muted\/unmuted, whether it is focused or not\n\nParameters:\n * app - name of the application to mute\/unmute. Supported values are \"Skype\" and \"Skype for Business\". Defaults to \"Skype\".\n\nReturns:\n * None",
        "notes" : [

        ],
        "signature" : "ToggleSkypeMute:toggle(app)",
        "type" : "Method",
        "returns" : [
          " * None"
        ],
        "desc" : "Toggle Skype between muted\/unmuted, whether it is focused or not",
        "name" : "toggle"
      }
    ],
    "Command" : [

    ],
    "name" : "ToggleSkypeMute"
  }
]
