[
  {
    "Constant" : [

    ],
    "submodules" : [

    ],
    "Function" : [

    ],
    "Variable" : [
      {
        "desc" : "Logger object used within the Spoon. Can be accessed to set the default log level for the messages coming from the Spoon.",
        "def" : "WindowGrid.logger",
        "stripped_doc" : [
          "Logger object used within the Spoon. Can be accessed to set the default log level for the messages coming from the Spoon."
        ],
        "doc" : "Logger object used within the Spoon. Can be accessed to set the default log level for the messages coming from the Spoon.",
        "notes" : [

        ],
        "signature" : "WindowGrid.logger",
        "type" : "Variable",
        "returns" : [

        ],
        "name" : "logger",
        "parameters" : [

        ]
      },
      {
        "desc" : "Table containing a list of arguments to be passed to grid.setGrid(). Each element in the table is itself a table with 1-3 arguments as defined for [hs.grid.setGrid()](http:\/\/www.hammerspoon.org\/docs\/hs.grid.html#setGrid). Defaults to an empty list, which results in the default 3x3 grid for all screen from `hs.grid`.",
        "def" : "WindowGrid.gridGeometries",
        "stripped_doc" : [
          "Table containing a list of arguments to be passed to grid.setGrid(). Each element in the table is itself a table with 1-3 arguments as defined for [hs.grid.setGrid()](http:\/\/www.hammerspoon.org\/docs\/hs.grid.html#setGrid). Defaults to an empty list, which results in the default 3x3 grid for all screen from `hs.grid`."
        ],
        "doc" : "Table containing a list of arguments to be passed to grid.setGrid(). Each element in the table is itself a table with 1-3 arguments as defined for [hs.grid.setGrid()](http:\/\/www.hammerspoon.org\/docs\/hs.grid.html#setGrid). Defaults to an empty list, which results in the default 3x3 grid for all screen from `hs.grid`.",
        "notes" : [

        ],
        "signature" : "WindowGrid.gridGeometries",
        "type" : "Variable",
        "returns" : [

        ],
        "name" : "gridGeometries",
        "parameters" : [

        ]
      }
    ],
    "stripped_doc" : [

    ],
    "Deprecated" : [

    ],
    "type" : "Module",
    "desc" : "A new Sample Spoon",
    "Constructor" : [

    ],
    "doc" : "A new Sample Spoon\n\nDownload: [https:\/\/github.com\/Hammerspoon\/Spoons\/raw\/master\/Spoons\/WindowGrid.spoon.zip](https:\/\/github.com\/Hammerspoon\/Spoons\/raw\/master\/Spoons\/WindowGrid.spoon.zip)",
    "Field" : [

    ],
    "Command" : [

    ],
    "Method" : [
      {
        "desc" : "Binds hotkeys for WindowGrid",
        "def" : "WindowGrid:bindHotkeys(mapping)",
        "stripped_doc" : [
          "Binds hotkeys for WindowGrid",
          ""
        ],
        "doc" : "Binds hotkeys for WindowGrid\n\nParameters:\n * mapping - A table containing hotkey objifier\/key details for the following items:\n  * show_grid - show the grid overlay",
        "notes" : [

        ],
        "signature" : "WindowGrid:bindHotkeys(mapping)",
        "type" : "Method",
        "returns" : [

        ],
        "name" : "bindHotkeys",
        "parameters" : [
          " * mapping - A table containing hotkey objifier\/key details for the following items:",
          "  * show_grid - show the grid overlay"
        ]
      },
      {
        "desc" : "Sets the grid configuration according to `WindowGrid.gridGeometries`.",
        "def" : "WindowGrid:start()",
        "stripped_doc" : [
          "Sets the grid configuration according to `WindowGrid.gridGeometries`."
        ],
        "doc" : "Sets the grid configuration according to `WindowGrid.gridGeometries`.",
        "notes" : [

        ],
        "signature" : "WindowGrid:start()",
        "type" : "Method",
        "returns" : [

        ],
        "name" : "start",
        "parameters" : [

        ]
      }
    ],
    "items" : [
      {
        "desc" : "Table containing a list of arguments to be passed to grid.setGrid(). Each element in the table is itself a table with 1-3 arguments as defined for [hs.grid.setGrid()](http:\/\/www.hammerspoon.org\/docs\/hs.grid.html#setGrid). Defaults to an empty list, which results in the default 3x3 grid for all screen from `hs.grid`.",
        "def" : "WindowGrid.gridGeometries",
        "stripped_doc" : [
          "Table containing a list of arguments to be passed to grid.setGrid(). Each element in the table is itself a table with 1-3 arguments as defined for [hs.grid.setGrid()](http:\/\/www.hammerspoon.org\/docs\/hs.grid.html#setGrid). Defaults to an empty list, which results in the default 3x3 grid for all screen from `hs.grid`."
        ],
        "doc" : "Table containing a list of arguments to be passed to grid.setGrid(). Each element in the table is itself a table with 1-3 arguments as defined for [hs.grid.setGrid()](http:\/\/www.hammerspoon.org\/docs\/hs.grid.html#setGrid). Defaults to an empty list, which results in the default 3x3 grid for all screen from `hs.grid`.",
        "notes" : [

        ],
        "signature" : "WindowGrid.gridGeometries",
        "type" : "Variable",
        "returns" : [

        ],
        "name" : "gridGeometries",
        "parameters" : [

        ]
      },
      {
        "desc" : "Logger object used within the Spoon. Can be accessed to set the default log level for the messages coming from the Spoon.",
        "def" : "WindowGrid.logger",
        "stripped_doc" : [
          "Logger object used within the Spoon. Can be accessed to set the default log level for the messages coming from the Spoon."
        ],
        "doc" : "Logger object used within the Spoon. Can be accessed to set the default log level for the messages coming from the Spoon.",
        "notes" : [

        ],
        "signature" : "WindowGrid.logger",
        "type" : "Variable",
        "returns" : [

        ],
        "name" : "logger",
        "parameters" : [

        ]
      },
      {
        "desc" : "Binds hotkeys for WindowGrid",
        "def" : "WindowGrid:bindHotkeys(mapping)",
        "stripped_doc" : [
          "Binds hotkeys for WindowGrid",
          ""
        ],
        "doc" : "Binds hotkeys for WindowGrid\n\nParameters:\n * mapping - A table containing hotkey objifier\/key details for the following items:\n  * show_grid - show the grid overlay",
        "notes" : [

        ],
        "signature" : "WindowGrid:bindHotkeys(mapping)",
        "type" : "Method",
        "returns" : [

        ],
        "name" : "bindHotkeys",
        "parameters" : [
          " * mapping - A table containing hotkey objifier\/key details for the following items:",
          "  * show_grid - show the grid overlay"
        ]
      },
      {
        "desc" : "Sets the grid configuration according to `WindowGrid.gridGeometries`.",
        "def" : "WindowGrid:start()",
        "stripped_doc" : [
          "Sets the grid configuration according to `WindowGrid.gridGeometries`."
        ],
        "doc" : "Sets the grid configuration according to `WindowGrid.gridGeometries`.",
        "notes" : [

        ],
        "signature" : "WindowGrid:start()",
        "type" : "Method",
        "returns" : [

        ],
        "name" : "start",
        "parameters" : [

        ]
      }
    ],
    "name" : "WindowGrid"
  }
]
