[
  {
    "Constant" : [

    ],
    "submodules" : [

    ],
    "Function" : [

    ],
    "Variable" : [
      {
        "doc" : "Speed in seconds to check for clipboard changes. If you check too frequently, you will degrade performance, if you check sparsely you will loose copies. Defaults to 0.8.",
        "stripped_doc" : [
          "Speed in seconds to check for clipboard changes. If you check too frequently, you will degrade performance, if you check sparsely you will loose copies. Defaults to 0.8."
        ],
        "parameters" : [

        ],
        "def" : "TextClipboardHistory.frequency",
        "notes" : [

        ],
        "signature" : "TextClipboardHistory.frequency",
        "type" : "Variable",
        "returns" : [

        ],
        "desc" : "Speed in seconds to check for clipboard changes. If you check too frequently, you will degrade performance, if you check sparsely you will loose copies. Defaults to 0.8.",
        "name" : "frequency"
      },
      {
        "doc" : "How many items to keep on history. Defaults to 100",
        "stripped_doc" : [
          "How many items to keep on history. Defaults to 100"
        ],
        "parameters" : [

        ],
        "def" : "TextClipboardHistory.hist_size",
        "notes" : [

        ],
        "signature" : "TextClipboardHistory.hist_size",
        "type" : "Variable",
        "returns" : [

        ],
        "desc" : "How many items to keep on history. Defaults to 100",
        "name" : "hist_size"
      },
      {
        "doc" : "If `true`, check the data identifiers set in the pasteboard and ignore entries which match those listed in `TextClipboardHistory.ignoredIdentifiers`. The list of identifiers comes from http:\/\/nspasteboard.org. Defaults to `true`",
        "stripped_doc" : [
          "If `true`, check the data identifiers set in the pasteboard and ignore entries which match those listed in `TextClipboardHistory.ignoredIdentifiers`. The list of identifiers comes from http:\/\/nspasteboard.org. Defaults to `true`"
        ],
        "parameters" : [

        ],
        "def" : "TextClipboardHistory.honor_ignoredidentifiers",
        "notes" : [

        ],
        "signature" : "TextClipboardHistory.honor_ignoredidentifiers",
        "type" : "Variable",
        "returns" : [

        ],
        "desc" : "If `true`, check the data identifiers set in the pasteboard and ignore entries which match those listed in `TextClipboardHistory.ignoredIdentifiers`. The list of identifiers comes from http:\/\/nspasteboard.org. Defaults to `true`",
        "name" : "honor_ignoredidentifiers"
      },
      {
        "doc" : "Whether to auto-type the item when selecting it from the menu. Can be toggled on the fly from the chooser. Defaults to `false`.",
        "stripped_doc" : [
          "Whether to auto-type the item when selecting it from the menu. Can be toggled on the fly from the chooser. Defaults to `false`."
        ],
        "parameters" : [

        ],
        "def" : "TextClipboardHistory.paste_on_select",
        "notes" : [

        ],
        "signature" : "TextClipboardHistory.paste_on_select",
        "type" : "Variable",
        "returns" : [

        ],
        "desc" : "Whether to auto-type the item when selecting it from the menu. Can be toggled on the fly from the chooser. Defaults to `false`.",
        "name" : "paste_on_select"
      },
      {
        "doc" : "Logger object used within the Spoon. Can be accessed to set the default log level for the messages coming from the Spoon.",
        "stripped_doc" : [
          "Logger object used within the Spoon. Can be accessed to set the default log level for the messages coming from the Spoon."
        ],
        "parameters" : [

        ],
        "def" : "TextClipboardHistory.logger",
        "notes" : [

        ],
        "signature" : "TextClipboardHistory.logger",
        "type" : "Variable",
        "returns" : [

        ],
        "desc" : "Logger object used within the Spoon. Can be accessed to set the default log level for the messages coming from the Spoon.",
        "name" : "logger"
      },
      {
        "doc" : "Types of clipboard entries to ignore, see http:\/\/nspasteboard.org. Code from https:\/\/github.com\/asmagill\/hammerspoon-config\/blob\/master\/utils\/_menus\/newClipper.lua",
        "stripped_doc" : [
          "Types of clipboard entries to ignore, see http:\/\/nspasteboard.org. Code from https:\/\/github.com\/asmagill\/hammerspoon-config\/blob\/master\/utils\/_menus\/newClipper.lua"
        ],
        "parameters" : [

        ],
        "def" : "TextClipboardHistory.ignoredIdentifiers",
        "notes" : [

        ],
        "signature" : "TextClipboardHistory.ignoredIdentifiers",
        "type" : "Variable",
        "returns" : [

        ],
        "desc" : "Types of clipboard entries to ignore, see http:\/\/nspasteboard.org. Code from https:\/\/github.com\/asmagill\/hammerspoon-config\/blob\/master\/utils\/_menus\/newClipper.lua",
        "name" : "ignoredIdentifiers"
      },
      {
        "doc" : "Whether to remove duplicates from the list, keeping only the latest one. Defaults to `true`.",
        "stripped_doc" : [
          "Whether to remove duplicates from the list, keeping only the latest one. Defaults to `true`."
        ],
        "parameters" : [

        ],
        "def" : "TextClipboardHistory.deduplicate",
        "notes" : [

        ],
        "signature" : "TextClipboardHistory.deduplicate",
        "type" : "Variable",
        "returns" : [

        ],
        "desc" : "Whether to remove duplicates from the list, keeping only the latest one. Defaults to `true`.",
        "name" : "deduplicate"
      },
      {
        "doc" : "Whether to show a menubar item to open the clipboard history. Defaults to `true`",
        "stripped_doc" : [
          "Whether to show a menubar item to open the clipboard history. Defaults to `true`"
        ],
        "parameters" : [

        ],
        "def" : "TextClipboardHistory.show_in_menubar",
        "notes" : [

        ],
        "signature" : "TextClipboardHistory.show_in_menubar",
        "type" : "Variable",
        "returns" : [

        ],
        "desc" : "Whether to show a menubar item to open the clipboard history. Defaults to `true`",
        "name" : "show_in_menubar"
      },
      {
        "doc" : "String to show in the menubar if `TextClipboardHistory.show_in_menubar` is `true`. Defaults to `\"\\u{1f4ce}\"`, which is the [Unicode paperclip character](https:\/\/codepoints.net\/U+1F4CE)",
        "stripped_doc" : [
          "String to show in the menubar if `TextClipboardHistory.show_in_menubar` is `true`. Defaults to `\"\\u{1f4ce}\"`, which is the [Unicode paperclip character](https:\/\/codepoints.net\/U+1F4CE)"
        ],
        "parameters" : [

        ],
        "def" : "TextClipboardHistory.menubar_title",
        "notes" : [

        ],
        "signature" : "TextClipboardHistory.menubar_title",
        "type" : "Variable",
        "returns" : [

        ],
        "desc" : "String to show in the menubar if `TextClipboardHistory.show_in_menubar` is `true`. Defaults to `\"\\u{1f4ce}\"`, which is the [Unicode paperclip character](https:\/\/codepoints.net\/U+1F4CE)",
        "name" : "menubar_title"
      }
    ],
    "stripped_doc" : [

    ],
    "desc" : "Keep a history of the clipboard, only for text entries.",
    "type" : "Module",
    "Deprecated" : [

    ],
    "Constructor" : [

    ],
    "doc" : "Keep a history of the clipboard, only for text entries.\nOriginally based on https:\/\/github.com\/VFS\/.hammerspoon\/blob\/master\/tools\/clipboard.lua.\n\nDownload: [https:\/\/github.com\/Hammerspoon\/Spoons\/raw\/master\/Spoons\/TextClipboardHistory.spoon.zip](https:\/\/github.com\/Hammerspoon\/Spoons\/raw\/master\/Spoons\/TextClipboardHistory.spoon.zip)",
    "Method" : [
      {
        "doc" : "Toggle the value of `TextClipboardHistory.paste_on_select`",
        "stripped_doc" : [
          "Toggle the value of `TextClipboardHistory.paste_on_select`"
        ],
        "parameters" : [

        ],
        "def" : "TextClipboardHistory.togglePasteOnSelect()",
        "notes" : [

        ],
        "signature" : "TextClipboardHistory.togglePasteOnSelect()",
        "type" : "Method",
        "returns" : [

        ],
        "desc" : "Toggle the value of `TextClipboardHistory.paste_on_select`",
        "name" : "togglePasteOnSelect"
      },
      {
        "doc" : "Clears the clipboard and history",
        "stripped_doc" : [
          "Clears the clipboard and history"
        ],
        "parameters" : [

        ],
        "def" : "TextClipboardHistory.clearAll()",
        "notes" : [

        ],
        "signature" : "TextClipboardHistory.clearAll()",
        "type" : "Method",
        "returns" : [

        ],
        "desc" : "Clears the clipboard and history",
        "name" : "clearAll"
      },
      {
        "doc" : "Clears the last added to the history",
        "stripped_doc" : [
          "Clears the last added to the history"
        ],
        "parameters" : [

        ],
        "def" : "TextClipboardHistory.clearLastItem()",
        "notes" : [

        ],
        "signature" : "TextClipboardHistory.clearLastItem()",
        "type" : "Method",
        "returns" : [

        ],
        "desc" : "Clears the last added to the history",
        "name" : "clearLastItem"
      },
      {
        "doc" : "Add the given string to the history\n\nParameters:\n * item - string to add to the clipboard history\n\nReturns:\n * None",
        "stripped_doc" : [
          "Add the given string to the history",
          ""
        ],
        "parameters" : [
          " * item - string to add to the clipboard history",
          ""
        ],
        "def" : "TextClipboardHistory.pasteboardToClipboard(item)",
        "notes" : [

        ],
        "signature" : "TextClipboardHistory.pasteboardToClipboard(item)",
        "type" : "Method",
        "returns" : [
          " * None"
        ],
        "desc" : "Add the given string to the history",
        "name" : "pasteboardToClipboard"
      },
      {
        "doc" : "If the pasteboard has changed, we add the current item to our history and update the counter",
        "stripped_doc" : [
          "If the pasteboard has changed, we add the current item to our history and update the counter"
        ],
        "parameters" : [

        ],
        "def" : "TextClipboardHistory:checkAndStorePasteboard()",
        "notes" : [

        ],
        "signature" : "TextClipboardHistory:checkAndStorePasteboard()",
        "type" : "Method",
        "returns" : [

        ],
        "desc" : "If the pasteboard has changed, we add the current item to our history and update the counter",
        "name" : "checkAndStorePasteboard"
      },
      {
        "doc" : "Start the clipboard history collector",
        "stripped_doc" : [
          "Start the clipboard history collector"
        ],
        "parameters" : [

        ],
        "def" : "TextClipboardHistory:start()",
        "notes" : [

        ],
        "signature" : "TextClipboardHistory:start()",
        "type" : "Method",
        "returns" : [

        ],
        "desc" : "Start the clipboard history collector",
        "name" : "start"
      },
      {
        "doc" : "Display the current clipboard list in a chooser",
        "stripped_doc" : [
          "Display the current clipboard list in a chooser"
        ],
        "parameters" : [

        ],
        "def" : "TextClipboardHistory:showClipboard()",
        "notes" : [

        ],
        "signature" : "TextClipboardHistory:showClipboard()",
        "type" : "Method",
        "returns" : [

        ],
        "desc" : "Display the current clipboard list in a chooser",
        "name" : "showClipboard"
      },
      {
        "doc" : "Show\/hide the clipboard list, depending on its current state",
        "stripped_doc" : [
          "Show\/hide the clipboard list, depending on its current state"
        ],
        "parameters" : [

        ],
        "def" : "TextClipboardHistory:toggleClipboard()",
        "notes" : [

        ],
        "signature" : "TextClipboardHistory:toggleClipboard()",
        "type" : "Method",
        "returns" : [

        ],
        "desc" : "Show\/hide the clipboard list, depending on its current state",
        "name" : "toggleClipboard"
      },
      {
        "doc" : "Binds hotkeys for TextClipboardHistory\n\nParameters:\n * mapping - A table containing hotkey objifier\/key details for the following items:\n  * show_clipboard - Display the clipboard history chooser\n  * toggle_clipboard - Show\/hide the clipboard history chooser",
        "stripped_doc" : [
          "Binds hotkeys for TextClipboardHistory",
          ""
        ],
        "parameters" : [
          " * mapping - A table containing hotkey objifier\/key details for the following items:",
          "  * show_clipboard - Display the clipboard history chooser",
          "  * toggle_clipboard - Show\/hide the clipboard history chooser"
        ],
        "def" : "TextClipboardHistory:bindHotkeys(mapping)",
        "notes" : [

        ],
        "signature" : "TextClipboardHistory:bindHotkeys(mapping)",
        "type" : "Method",
        "returns" : [

        ],
        "desc" : "Binds hotkeys for TextClipboardHistory",
        "name" : "bindHotkeys"
      }
    ],
    "Command" : [

    ],
    "items" : [
      {
        "doc" : "Whether to remove duplicates from the list, keeping only the latest one. Defaults to `true`.",
        "stripped_doc" : [
          "Whether to remove duplicates from the list, keeping only the latest one. Defaults to `true`."
        ],
        "parameters" : [

        ],
        "def" : "TextClipboardHistory.deduplicate",
        "notes" : [

        ],
        "signature" : "TextClipboardHistory.deduplicate",
        "type" : "Variable",
        "returns" : [

        ],
        "desc" : "Whether to remove duplicates from the list, keeping only the latest one. Defaults to `true`.",
        "name" : "deduplicate"
      },
      {
        "doc" : "Speed in seconds to check for clipboard changes. If you check too frequently, you will degrade performance, if you check sparsely you will loose copies. Defaults to 0.8.",
        "stripped_doc" : [
          "Speed in seconds to check for clipboard changes. If you check too frequently, you will degrade performance, if you check sparsely you will loose copies. Defaults to 0.8."
        ],
        "parameters" : [

        ],
        "def" : "TextClipboardHistory.frequency",
        "notes" : [

        ],
        "signature" : "TextClipboardHistory.frequency",
        "type" : "Variable",
        "returns" : [

        ],
        "desc" : "Speed in seconds to check for clipboard changes. If you check too frequently, you will degrade performance, if you check sparsely you will loose copies. Defaults to 0.8.",
        "name" : "frequency"
      },
      {
        "doc" : "How many items to keep on history. Defaults to 100",
        "stripped_doc" : [
          "How many items to keep on history. Defaults to 100"
        ],
        "parameters" : [

        ],
        "def" : "TextClipboardHistory.hist_size",
        "notes" : [

        ],
        "signature" : "TextClipboardHistory.hist_size",
        "type" : "Variable",
        "returns" : [

        ],
        "desc" : "How many items to keep on history. Defaults to 100",
        "name" : "hist_size"
      },
      {
        "doc" : "If `true`, check the data identifiers set in the pasteboard and ignore entries which match those listed in `TextClipboardHistory.ignoredIdentifiers`. The list of identifiers comes from http:\/\/nspasteboard.org. Defaults to `true`",
        "stripped_doc" : [
          "If `true`, check the data identifiers set in the pasteboard and ignore entries which match those listed in `TextClipboardHistory.ignoredIdentifiers`. The list of identifiers comes from http:\/\/nspasteboard.org. Defaults to `true`"
        ],
        "parameters" : [

        ],
        "def" : "TextClipboardHistory.honor_ignoredidentifiers",
        "notes" : [

        ],
        "signature" : "TextClipboardHistory.honor_ignoredidentifiers",
        "type" : "Variable",
        "returns" : [

        ],
        "desc" : "If `true`, check the data identifiers set in the pasteboard and ignore entries which match those listed in `TextClipboardHistory.ignoredIdentifiers`. The list of identifiers comes from http:\/\/nspasteboard.org. Defaults to `true`",
        "name" : "honor_ignoredidentifiers"
      },
      {
        "doc" : "Types of clipboard entries to ignore, see http:\/\/nspasteboard.org. Code from https:\/\/github.com\/asmagill\/hammerspoon-config\/blob\/master\/utils\/_menus\/newClipper.lua",
        "stripped_doc" : [
          "Types of clipboard entries to ignore, see http:\/\/nspasteboard.org. Code from https:\/\/github.com\/asmagill\/hammerspoon-config\/blob\/master\/utils\/_menus\/newClipper.lua"
        ],
        "parameters" : [

        ],
        "def" : "TextClipboardHistory.ignoredIdentifiers",
        "notes" : [

        ],
        "signature" : "TextClipboardHistory.ignoredIdentifiers",
        "type" : "Variable",
        "returns" : [

        ],
        "desc" : "Types of clipboard entries to ignore, see http:\/\/nspasteboard.org. Code from https:\/\/github.com\/asmagill\/hammerspoon-config\/blob\/master\/utils\/_menus\/newClipper.lua",
        "name" : "ignoredIdentifiers"
      },
      {
        "doc" : "Logger object used within the Spoon. Can be accessed to set the default log level for the messages coming from the Spoon.",
        "stripped_doc" : [
          "Logger object used within the Spoon. Can be accessed to set the default log level for the messages coming from the Spoon."
        ],
        "parameters" : [

        ],
        "def" : "TextClipboardHistory.logger",
        "notes" : [

        ],
        "signature" : "TextClipboardHistory.logger",
        "type" : "Variable",
        "returns" : [

        ],
        "desc" : "Logger object used within the Spoon. Can be accessed to set the default log level for the messages coming from the Spoon.",
        "name" : "logger"
      },
      {
        "doc" : "String to show in the menubar if `TextClipboardHistory.show_in_menubar` is `true`. Defaults to `\"\\u{1f4ce}\"`, which is the [Unicode paperclip character](https:\/\/codepoints.net\/U+1F4CE)",
        "stripped_doc" : [
          "String to show in the menubar if `TextClipboardHistory.show_in_menubar` is `true`. Defaults to `\"\\u{1f4ce}\"`, which is the [Unicode paperclip character](https:\/\/codepoints.net\/U+1F4CE)"
        ],
        "parameters" : [

        ],
        "def" : "TextClipboardHistory.menubar_title",
        "notes" : [

        ],
        "signature" : "TextClipboardHistory.menubar_title",
        "type" : "Variable",
        "returns" : [

        ],
        "desc" : "String to show in the menubar if `TextClipboardHistory.show_in_menubar` is `true`. Defaults to `\"\\u{1f4ce}\"`, which is the [Unicode paperclip character](https:\/\/codepoints.net\/U+1F4CE)",
        "name" : "menubar_title"
      },
      {
        "doc" : "Whether to auto-type the item when selecting it from the menu. Can be toggled on the fly from the chooser. Defaults to `false`.",
        "stripped_doc" : [
          "Whether to auto-type the item when selecting it from the menu. Can be toggled on the fly from the chooser. Defaults to `false`."
        ],
        "parameters" : [

        ],
        "def" : "TextClipboardHistory.paste_on_select",
        "notes" : [

        ],
        "signature" : "TextClipboardHistory.paste_on_select",
        "type" : "Variable",
        "returns" : [

        ],
        "desc" : "Whether to auto-type the item when selecting it from the menu. Can be toggled on the fly from the chooser. Defaults to `false`.",
        "name" : "paste_on_select"
      },
      {
        "doc" : "Whether to show a menubar item to open the clipboard history. Defaults to `true`",
        "stripped_doc" : [
          "Whether to show a menubar item to open the clipboard history. Defaults to `true`"
        ],
        "parameters" : [

        ],
        "def" : "TextClipboardHistory.show_in_menubar",
        "notes" : [

        ],
        "signature" : "TextClipboardHistory.show_in_menubar",
        "type" : "Variable",
        "returns" : [

        ],
        "desc" : "Whether to show a menubar item to open the clipboard history. Defaults to `true`",
        "name" : "show_in_menubar"
      },
      {
        "doc" : "Binds hotkeys for TextClipboardHistory\n\nParameters:\n * mapping - A table containing hotkey objifier\/key details for the following items:\n  * show_clipboard - Display the clipboard history chooser\n  * toggle_clipboard - Show\/hide the clipboard history chooser",
        "stripped_doc" : [
          "Binds hotkeys for TextClipboardHistory",
          ""
        ],
        "parameters" : [
          " * mapping - A table containing hotkey objifier\/key details for the following items:",
          "  * show_clipboard - Display the clipboard history chooser",
          "  * toggle_clipboard - Show\/hide the clipboard history chooser"
        ],
        "def" : "TextClipboardHistory:bindHotkeys(mapping)",
        "notes" : [

        ],
        "signature" : "TextClipboardHistory:bindHotkeys(mapping)",
        "type" : "Method",
        "returns" : [

        ],
        "desc" : "Binds hotkeys for TextClipboardHistory",
        "name" : "bindHotkeys"
      },
      {
        "doc" : "If the pasteboard has changed, we add the current item to our history and update the counter",
        "stripped_doc" : [
          "If the pasteboard has changed, we add the current item to our history and update the counter"
        ],
        "parameters" : [

        ],
        "def" : "TextClipboardHistory:checkAndStorePasteboard()",
        "notes" : [

        ],
        "signature" : "TextClipboardHistory:checkAndStorePasteboard()",
        "type" : "Method",
        "returns" : [

        ],
        "desc" : "If the pasteboard has changed, we add the current item to our history and update the counter",
        "name" : "checkAndStorePasteboard"
      },
      {
        "doc" : "Clears the clipboard and history",
        "stripped_doc" : [
          "Clears the clipboard and history"
        ],
        "parameters" : [

        ],
        "def" : "TextClipboardHistory.clearAll()",
        "notes" : [

        ],
        "signature" : "TextClipboardHistory.clearAll()",
        "type" : "Method",
        "returns" : [

        ],
        "desc" : "Clears the clipboard and history",
        "name" : "clearAll"
      },
      {
        "doc" : "Clears the last added to the history",
        "stripped_doc" : [
          "Clears the last added to the history"
        ],
        "parameters" : [

        ],
        "def" : "TextClipboardHistory.clearLastItem()",
        "notes" : [

        ],
        "signature" : "TextClipboardHistory.clearLastItem()",
        "type" : "Method",
        "returns" : [

        ],
        "desc" : "Clears the last added to the history",
        "name" : "clearLastItem"
      },
      {
        "doc" : "Add the given string to the history\n\nParameters:\n * item - string to add to the clipboard history\n\nReturns:\n * None",
        "stripped_doc" : [
          "Add the given string to the history",
          ""
        ],
        "parameters" : [
          " * item - string to add to the clipboard history",
          ""
        ],
        "def" : "TextClipboardHistory.pasteboardToClipboard(item)",
        "notes" : [

        ],
        "signature" : "TextClipboardHistory.pasteboardToClipboard(item)",
        "type" : "Method",
        "returns" : [
          " * None"
        ],
        "desc" : "Add the given string to the history",
        "name" : "pasteboardToClipboard"
      },
      {
        "doc" : "Display the current clipboard list in a chooser",
        "stripped_doc" : [
          "Display the current clipboard list in a chooser"
        ],
        "parameters" : [

        ],
        "def" : "TextClipboardHistory:showClipboard()",
        "notes" : [

        ],
        "signature" : "TextClipboardHistory:showClipboard()",
        "type" : "Method",
        "returns" : [

        ],
        "desc" : "Display the current clipboard list in a chooser",
        "name" : "showClipboard"
      },
      {
        "doc" : "Start the clipboard history collector",
        "stripped_doc" : [
          "Start the clipboard history collector"
        ],
        "parameters" : [

        ],
        "def" : "TextClipboardHistory:start()",
        "notes" : [

        ],
        "signature" : "TextClipboardHistory:start()",
        "type" : "Method",
        "returns" : [

        ],
        "desc" : "Start the clipboard history collector",
        "name" : "start"
      },
      {
        "doc" : "Show\/hide the clipboard list, depending on its current state",
        "stripped_doc" : [
          "Show\/hide the clipboard list, depending on its current state"
        ],
        "parameters" : [

        ],
        "def" : "TextClipboardHistory:toggleClipboard()",
        "notes" : [

        ],
        "signature" : "TextClipboardHistory:toggleClipboard()",
        "type" : "Method",
        "returns" : [

        ],
        "desc" : "Show\/hide the clipboard list, depending on its current state",
        "name" : "toggleClipboard"
      },
      {
        "doc" : "Toggle the value of `TextClipboardHistory.paste_on_select`",
        "stripped_doc" : [
          "Toggle the value of `TextClipboardHistory.paste_on_select`"
        ],
        "parameters" : [

        ],
        "def" : "TextClipboardHistory.togglePasteOnSelect()",
        "notes" : [

        ],
        "signature" : "TextClipboardHistory.togglePasteOnSelect()",
        "type" : "Method",
        "returns" : [

        ],
        "desc" : "Toggle the value of `TextClipboardHistory.paste_on_select`",
        "name" : "togglePasteOnSelect"
      }
    ],
    "Field" : [

    ],
    "name" : "TextClipboardHistory"
  }
]
