[
  {
    "Constant" : [

    ],
    "submodules" : [

    ],
    "Function" : [

    ],
    "Variable" : [
      {
        "doc" : "Logger object used within the Spoon. Can be accessed to set the\ndefault log level for the messages coming from the Spoon.",
        "stripped_doc" : [
          "Logger object used within the Spoon. Can be accessed to set the",
          "default log level for the messages coming from the Spoon."
        ],
        "desc" : "Logger object used within the Spoon. Can be accessed to set the",
        "parameters" : [

        ],
        "notes" : [

        ],
        "signature" : "Leanpub.logger",
        "type" : "Variable",
        "returns" : [

        ],
        "name" : "logger",
        "def" : "Leanpub.logger"
      },
      {
        "doc" : "List of books to watch (by default an empty list). Each element of\nthe list must be a table containing the following keys:\n * slug - the web page \"slug\" of the book to watch. The slug of a\n   book can be set under the \"Book Web Page \/ Web Page URL\" menu\n   section in Leanpub.\n * icon - optional icon to show in the notifications for the book,\n   as an hs.image object. If not specified, and if\n   `fetch_leanpub_covers` is `true`, then the icon is generated\n   automatically from the book cover.",
        "stripped_doc" : [
          "List of books to watch (by default an empty list). Each element of",
          "the list must be a table containing the following keys:",
          " * slug - the web page \"slug\" of the book to watch. The slug of a",
          "   book can be set under the \"Book Web Page \/ Web Page URL\" menu",
          "   section in Leanpub.",
          " * icon - optional icon to show in the notifications for the book,",
          "   as an hs.image object. If not specified, and if",
          "   `fetch_leanpub_covers` is `true`, then the icon is generated",
          "   automatically from the book cover."
        ],
        "desc" : "List of books to watch (by default an empty list). Each element of",
        "parameters" : [

        ],
        "notes" : [

        ],
        "signature" : "Leanpub.watch_books",
        "type" : "Variable",
        "returns" : [

        ],
        "name" : "watch_books",
        "def" : "Leanpub.watch_books"
      },
      {
        "doc" : "String containing the key to use for Leanpub API requests. Get it\nfrom your Leanpub account under the \"Author \/ Your API Key\" menu\nsection. No default.",
        "stripped_doc" : [
          "String containing the key to use for Leanpub API requests. Get it",
          "from your Leanpub account under the \"Author \/ Your API Key\" menu",
          "section. No default."
        ],
        "desc" : "String containing the key to use for Leanpub API requests. Get it",
        "parameters" : [

        ],
        "notes" : [

        ],
        "signature" : "Leanpub.api_key",
        "type" : "Variable",
        "returns" : [

        ],
        "name" : "api_key",
        "def" : "Leanpub.api_key"
      },
      {
        "doc" : "Integer containing the interval (in seconds) at which the book\nstatus is checked. Default 5.",
        "stripped_doc" : [
          "Integer containing the interval (in seconds) at which the book",
          "status is checked. Default 5."
        ],
        "desc" : "Integer containing the interval (in seconds) at which the book",
        "parameters" : [

        ],
        "notes" : [

        ],
        "signature" : "Leanpub.check_interval",
        "type" : "Variable",
        "returns" : [

        ],
        "name" : "check_interval",
        "def" : "Leanpub.check_interval"
      },
      {
        "doc" : "Boolean indicating whether we should try to fetch book covers from\nLeanpub (default true)",
        "stripped_doc" : [
          "Boolean indicating whether we should try to fetch book covers from",
          "Leanpub (default true)"
        ],
        "desc" : "Boolean indicating whether we should try to fetch book covers from",
        "parameters" : [

        ],
        "notes" : [

        ],
        "signature" : "Leanpub.fetch_leanpub_covers",
        "type" : "Variable",
        "returns" : [

        ],
        "name" : "fetch_leanpub_covers",
        "def" : "Leanpub.fetch_leanpub_covers"
      },
      {
        "doc" : "Table specifying the Leanpub status for which notifications should\nnot disappear automatically. The indices correspond to the values\nof the `status` field returned by the Leanpub API. Possible values\nare `working` and `complete`. Default `{ complete = true }` to\nkeep the \"Book generation complete\" messages.",
        "stripped_doc" : [
          "Table specifying the Leanpub status for which notifications should",
          "not disappear automatically. The indices correspond to the values",
          "of the `status` field returned by the Leanpub API. Possible values",
          "are `working` and `complete`. Default `{ complete = true }` to",
          "keep the \"Book generation complete\" messages."
        ],
        "desc" : "Table specifying the Leanpub status for which notifications should",
        "parameters" : [

        ],
        "notes" : [

        ],
        "signature" : "Leanpub.persistent_notification",
        "type" : "Variable",
        "returns" : [

        ],
        "name" : "persistent_notification",
        "def" : "Leanpub.persistent_notification"
      }
    ],
    "stripped_doc" : [

    ],
    "Deprecated" : [

    ],
    "type" : "Module",
    "desc" : "Spoon to track and notify about Leanpub builds.",
    "Constructor" : [

    ],
    "items" : [
      {
        "doc" : "String containing the key to use for Leanpub API requests. Get it\nfrom your Leanpub account under the \"Author \/ Your API Key\" menu\nsection. No default.",
        "stripped_doc" : [
          "String containing the key to use for Leanpub API requests. Get it",
          "from your Leanpub account under the \"Author \/ Your API Key\" menu",
          "section. No default."
        ],
        "desc" : "String containing the key to use for Leanpub API requests. Get it",
        "parameters" : [

        ],
        "notes" : [

        ],
        "signature" : "Leanpub.api_key",
        "type" : "Variable",
        "returns" : [

        ],
        "name" : "api_key",
        "def" : "Leanpub.api_key"
      },
      {
        "doc" : "Integer containing the interval (in seconds) at which the book\nstatus is checked. Default 5.",
        "stripped_doc" : [
          "Integer containing the interval (in seconds) at which the book",
          "status is checked. Default 5."
        ],
        "desc" : "Integer containing the interval (in seconds) at which the book",
        "parameters" : [

        ],
        "notes" : [

        ],
        "signature" : "Leanpub.check_interval",
        "type" : "Variable",
        "returns" : [

        ],
        "name" : "check_interval",
        "def" : "Leanpub.check_interval"
      },
      {
        "doc" : "Boolean indicating whether we should try to fetch book covers from\nLeanpub (default true)",
        "stripped_doc" : [
          "Boolean indicating whether we should try to fetch book covers from",
          "Leanpub (default true)"
        ],
        "desc" : "Boolean indicating whether we should try to fetch book covers from",
        "parameters" : [

        ],
        "notes" : [

        ],
        "signature" : "Leanpub.fetch_leanpub_covers",
        "type" : "Variable",
        "returns" : [

        ],
        "name" : "fetch_leanpub_covers",
        "def" : "Leanpub.fetch_leanpub_covers"
      },
      {
        "doc" : "Logger object used within the Spoon. Can be accessed to set the\ndefault log level for the messages coming from the Spoon.",
        "stripped_doc" : [
          "Logger object used within the Spoon. Can be accessed to set the",
          "default log level for the messages coming from the Spoon."
        ],
        "desc" : "Logger object used within the Spoon. Can be accessed to set the",
        "parameters" : [

        ],
        "notes" : [

        ],
        "signature" : "Leanpub.logger",
        "type" : "Variable",
        "returns" : [

        ],
        "name" : "logger",
        "def" : "Leanpub.logger"
      },
      {
        "doc" : "Table specifying the Leanpub status for which notifications should\nnot disappear automatically. The indices correspond to the values\nof the `status` field returned by the Leanpub API. Possible values\nare `working` and `complete`. Default `{ complete = true }` to\nkeep the \"Book generation complete\" messages.",
        "stripped_doc" : [
          "Table specifying the Leanpub status for which notifications should",
          "not disappear automatically. The indices correspond to the values",
          "of the `status` field returned by the Leanpub API. Possible values",
          "are `working` and `complete`. Default `{ complete = true }` to",
          "keep the \"Book generation complete\" messages."
        ],
        "desc" : "Table specifying the Leanpub status for which notifications should",
        "parameters" : [

        ],
        "notes" : [

        ],
        "signature" : "Leanpub.persistent_notification",
        "type" : "Variable",
        "returns" : [

        ],
        "name" : "persistent_notification",
        "def" : "Leanpub.persistent_notification"
      },
      {
        "doc" : "List of books to watch (by default an empty list). Each element of\nthe list must be a table containing the following keys:\n * slug - the web page \"slug\" of the book to watch. The slug of a\n   book can be set under the \"Book Web Page \/ Web Page URL\" menu\n   section in Leanpub.\n * icon - optional icon to show in the notifications for the book,\n   as an hs.image object. If not specified, and if\n   `fetch_leanpub_covers` is `true`, then the icon is generated\n   automatically from the book cover.",
        "stripped_doc" : [
          "List of books to watch (by default an empty list). Each element of",
          "the list must be a table containing the following keys:",
          " * slug - the web page \"slug\" of the book to watch. The slug of a",
          "   book can be set under the \"Book Web Page \/ Web Page URL\" menu",
          "   section in Leanpub.",
          " * icon - optional icon to show in the notifications for the book,",
          "   as an hs.image object. If not specified, and if",
          "   `fetch_leanpub_covers` is `true`, then the icon is generated",
          "   automatically from the book cover."
        ],
        "desc" : "List of books to watch (by default an empty list). Each element of",
        "parameters" : [

        ],
        "notes" : [

        ],
        "signature" : "Leanpub.watch_books",
        "type" : "Variable",
        "returns" : [

        ],
        "name" : "watch_books",
        "def" : "Leanpub.watch_books"
      },
      {
        "doc" : "Check and display (if needed) the status of all the books in\n`watch_books`",
        "stripped_doc" : [
          "Check and display (if needed) the status of all the books in",
          "`watch_books`"
        ],
        "desc" : "Check and display (if needed) the status of all the books in",
        "parameters" : [

        ],
        "notes" : [

        ],
        "signature" : "Leanpub:displayAllBookStatus()",
        "type" : "Method",
        "returns" : [

        ],
        "name" : "displayAllBookStatus",
        "def" : "Leanpub:displayAllBookStatus()"
      },
      {
        "doc" : "Display a notification with the current build status of a book.\nOnly produce a notification if the current status is different\nthan the last known one (from the last time `displayBookStatus`\nwas run for the same book).\n\nParameters:\n * book - table containing the information of the book to\n   check. The table must contain the following fields:\n   * slug - URL \"slug\" of the book to check. The slug is the part\n     of the book URL after https:\/\/leanpub.com\/.\n   * icon - optional icon to show in the notifications for the\n     book, as an `hs.image` object. If this field is not specified\n     but `fetch_leanpub_covers` is true (the default value), this\n     method attempts to fetch the book cover from LeanPub. If the\n     cover can be retrieved, it gets stored in the icon field so\n     it doesn't get fetched every time. You can disable cover\n     fetching for individual books by setting this field\n     explicitly to `false`\n\nReturns:\n * A Lua table containing the status (may be empty), nil if an\n   error occurred",
        "stripped_doc" : [
          "Display a notification with the current build status of a book.",
          "Only produce a notification if the current status is different",
          "than the last known one (from the last time `displayBookStatus`",
          "was run for the same book).",
          ""
        ],
        "desc" : "Display a notification with the current build status of a book.",
        "parameters" : [
          " * book - table containing the information of the book to",
          "   check. The table must contain the following fields:",
          "   * slug - URL \"slug\" of the book to check. The slug is the part",
          "     of the book URL after https:\/\/leanpub.com\/.",
          "   * icon - optional icon to show in the notifications for the",
          "     book, as an `hs.image` object. If this field is not specified",
          "     but `fetch_leanpub_covers` is true (the default value), this",
          "     method attempts to fetch the book cover from LeanPub. If the",
          "     cover can be retrieved, it gets stored in the icon field so",
          "     it doesn't get fetched every time. You can disable cover",
          "     fetching for individual books by setting this field",
          "     explicitly to `false`",
          ""
        ],
        "notes" : [

        ],
        "signature" : "Leanpub:displayBookStatus(book)",
        "type" : "Method",
        "returns" : [
          " * A Lua table containing the status (may be empty), nil if an",
          "   error occurred"
        ],
        "name" : "displayBookStatus",
        "def" : "Leanpub:displayBookStatus(book)"
      },
      {
        "doc" : "Fetch the cover of a book.\n\nParameters:\n * book - slug for the book\n\nReturns:\n * The image object if it can be fetched, nil otherwise",
        "stripped_doc" : [
          "Fetch the cover of a book.",
          ""
        ],
        "desc" : "Fetch the cover of a book.",
        "parameters" : [
          " * book - slug for the book",
          ""
        ],
        "notes" : [

        ],
        "signature" : "Leanpub:fetchBookCover(slug)",
        "type" : "Method",
        "returns" : [
          " * The image object if it can be fetched, nil otherwise"
        ],
        "name" : "fetchBookCover",
        "def" : "Leanpub:fetchBookCover(slug)"
      },
      {
        "doc" : "Get the status of a book given its slug.\n\nParameters:\n * slug - URL \"slug\" of the book to check. The slug of a book is\n   the part of the URL for your book after https:\/\/leanpub.com\/.\n\nReturns:\n * Table containing the fields returned by the Leanpub API. If the\n   book is not being built at the moment, an empty table is\n   returned. If an error occurs, returns `nil`. Samples of the\n   return values can be found at\n   https:\/\/leanpub.com\/help\/api#getting-the-job-status",
        "stripped_doc" : [
          "Get the status of a book given its slug.",
          ""
        ],
        "desc" : "Get the status of a book given its slug.",
        "parameters" : [
          " * slug - URL \"slug\" of the book to check. The slug of a book is",
          "   the part of the URL for your book after https:\/\/leanpub.com\/.",
          ""
        ],
        "notes" : [

        ],
        "signature" : "Leanpub:getBookStatus(slug)",
        "type" : "Method",
        "returns" : [
          " * Table containing the fields returned by the Leanpub API. If the",
          "   book is not being built at the moment, an empty table is",
          "   returned. If an error occurs, returns `nil`. Samples of the",
          "   return values can be found at",
          "   https:\/\/leanpub.com\/help\/api#getting-the-job-status"
        ],
        "name" : "getBookStatus",
        "def" : "Leanpub:getBookStatus(slug)"
      },
      {
        "doc" : "Start periodic check for book status, checking every\ncheck_interval seconds.",
        "stripped_doc" : [
          "Start periodic check for book status, checking every",
          "check_interval seconds."
        ],
        "desc" : "Start periodic check for book status, checking every",
        "parameters" : [

        ],
        "notes" : [

        ],
        "signature" : "Leanpub:start()",
        "type" : "Method",
        "returns" : [

        ],
        "name" : "start",
        "def" : "Leanpub:start()"
      },
      {
        "doc" : "Stops periodic check for book status, if enabled.\ncheck_interval seconds.",
        "stripped_doc" : [
          "Stops periodic check for book status, if enabled.",
          "check_interval seconds."
        ],
        "desc" : "Stops periodic check for book status, if enabled.",
        "parameters" : [

        ],
        "notes" : [

        ],
        "signature" : "Leanpub:stop()",
        "type" : "Method",
        "returns" : [

        ],
        "name" : "stop",
        "def" : "Leanpub:stop()"
      }
    ],
    "Method" : [
      {
        "doc" : "Get the status of a book given its slug.\n\nParameters:\n * slug - URL \"slug\" of the book to check. The slug of a book is\n   the part of the URL for your book after https:\/\/leanpub.com\/.\n\nReturns:\n * Table containing the fields returned by the Leanpub API. If the\n   book is not being built at the moment, an empty table is\n   returned. If an error occurs, returns `nil`. Samples of the\n   return values can be found at\n   https:\/\/leanpub.com\/help\/api#getting-the-job-status",
        "stripped_doc" : [
          "Get the status of a book given its slug.",
          ""
        ],
        "desc" : "Get the status of a book given its slug.",
        "parameters" : [
          " * slug - URL \"slug\" of the book to check. The slug of a book is",
          "   the part of the URL for your book after https:\/\/leanpub.com\/.",
          ""
        ],
        "notes" : [

        ],
        "signature" : "Leanpub:getBookStatus(slug)",
        "type" : "Method",
        "returns" : [
          " * Table containing the fields returned by the Leanpub API. If the",
          "   book is not being built at the moment, an empty table is",
          "   returned. If an error occurs, returns `nil`. Samples of the",
          "   return values can be found at",
          "   https:\/\/leanpub.com\/help\/api#getting-the-job-status"
        ],
        "name" : "getBookStatus",
        "def" : "Leanpub:getBookStatus(slug)"
      },
      {
        "doc" : "Display a notification with the current build status of a book.\nOnly produce a notification if the current status is different\nthan the last known one (from the last time `displayBookStatus`\nwas run for the same book).\n\nParameters:\n * book - table containing the information of the book to\n   check. The table must contain the following fields:\n   * slug - URL \"slug\" of the book to check. The slug is the part\n     of the book URL after https:\/\/leanpub.com\/.\n   * icon - optional icon to show in the notifications for the\n     book, as an `hs.image` object. If this field is not specified\n     but `fetch_leanpub_covers` is true (the default value), this\n     method attempts to fetch the book cover from LeanPub. If the\n     cover can be retrieved, it gets stored in the icon field so\n     it doesn't get fetched every time. You can disable cover\n     fetching for individual books by setting this field\n     explicitly to `false`\n\nReturns:\n * A Lua table containing the status (may be empty), nil if an\n   error occurred",
        "stripped_doc" : [
          "Display a notification with the current build status of a book.",
          "Only produce a notification if the current status is different",
          "than the last known one (from the last time `displayBookStatus`",
          "was run for the same book).",
          ""
        ],
        "desc" : "Display a notification with the current build status of a book.",
        "parameters" : [
          " * book - table containing the information of the book to",
          "   check. The table must contain the following fields:",
          "   * slug - URL \"slug\" of the book to check. The slug is the part",
          "     of the book URL after https:\/\/leanpub.com\/.",
          "   * icon - optional icon to show in the notifications for the",
          "     book, as an `hs.image` object. If this field is not specified",
          "     but `fetch_leanpub_covers` is true (the default value), this",
          "     method attempts to fetch the book cover from LeanPub. If the",
          "     cover can be retrieved, it gets stored in the icon field so",
          "     it doesn't get fetched every time. You can disable cover",
          "     fetching for individual books by setting this field",
          "     explicitly to `false`",
          ""
        ],
        "notes" : [

        ],
        "signature" : "Leanpub:displayBookStatus(book)",
        "type" : "Method",
        "returns" : [
          " * A Lua table containing the status (may be empty), nil if an",
          "   error occurred"
        ],
        "name" : "displayBookStatus",
        "def" : "Leanpub:displayBookStatus(book)"
      },
      {
        "doc" : "Fetch the cover of a book.\n\nParameters:\n * book - slug for the book\n\nReturns:\n * The image object if it can be fetched, nil otherwise",
        "stripped_doc" : [
          "Fetch the cover of a book.",
          ""
        ],
        "desc" : "Fetch the cover of a book.",
        "parameters" : [
          " * book - slug for the book",
          ""
        ],
        "notes" : [

        ],
        "signature" : "Leanpub:fetchBookCover(slug)",
        "type" : "Method",
        "returns" : [
          " * The image object if it can be fetched, nil otherwise"
        ],
        "name" : "fetchBookCover",
        "def" : "Leanpub:fetchBookCover(slug)"
      },
      {
        "doc" : "Check and display (if needed) the status of all the books in\n`watch_books`",
        "stripped_doc" : [
          "Check and display (if needed) the status of all the books in",
          "`watch_books`"
        ],
        "desc" : "Check and display (if needed) the status of all the books in",
        "parameters" : [

        ],
        "notes" : [

        ],
        "signature" : "Leanpub:displayAllBookStatus()",
        "type" : "Method",
        "returns" : [

        ],
        "name" : "displayAllBookStatus",
        "def" : "Leanpub:displayAllBookStatus()"
      },
      {
        "doc" : "Start periodic check for book status, checking every\ncheck_interval seconds.",
        "stripped_doc" : [
          "Start periodic check for book status, checking every",
          "check_interval seconds."
        ],
        "desc" : "Start periodic check for book status, checking every",
        "parameters" : [

        ],
        "notes" : [

        ],
        "signature" : "Leanpub:start()",
        "type" : "Method",
        "returns" : [

        ],
        "name" : "start",
        "def" : "Leanpub:start()"
      },
      {
        "doc" : "Stops periodic check for book status, if enabled.\ncheck_interval seconds.",
        "stripped_doc" : [
          "Stops periodic check for book status, if enabled.",
          "check_interval seconds."
        ],
        "desc" : "Stops periodic check for book status, if enabled.",
        "parameters" : [

        ],
        "notes" : [

        ],
        "signature" : "Leanpub:stop()",
        "type" : "Method",
        "returns" : [

        ],
        "name" : "stop",
        "def" : "Leanpub:stop()"
      }
    ],
    "Command" : [

    ],
    "Field" : [

    ],
    "doc" : "Spoon to track and notify about Leanpub builds.\n\nDownload:\nhttps:\/\/github.com\/Hammerspoon\/Spoons\/raw\/master\/Spoons\/Leanpub.spoon.zip",
    "name" : "Leanpub"
  }
]